{
  "gizmo.settings": {
    "Value": "{\u0022EditMode\u0022:\u0022position\u0022,\u0022Selection\u0022:true,\u0022ViewMode\u0022:\u00223d\u0022,\u0022GizmosEnabled\u0022:true,\u0022GizmoScale\u0022:1,\u0022GridSpacing\u0022:32,\u0022SnapToGrid\u0022:false,\u0022SnapToAngles\u0022:true,\u0022AngleSpacing\u0022:15,\u0022GlobalSpace\u0022:false,\u0022DebugActionGraphs\u0022:false}",
    "Timeout": 1732404652,
    "DeleteAt": 0
  },
  "scene.lastopened": {
    "Value": "[\u0022scenes/minimal.scene\u0022,\u0022tannersworkshop.scene\u0022]",
    "Timeout": 1732406799,
    "DeleteAt": 0
  },
  "scenes/minimal.scene.Viewport0": {
    "Value": "{\u0022CameraPosition\u0022:\u0022-267.452,-379.653,297.7903\u0022,\u0022CameraRotation\u0022:\u0022-0.1293815,0.2367107,0.4618329,0.844949\u0022,\u0022CameraOrthoHeight\u0022:1000}",
    "Timeout": 1732413287,
    "DeleteAt": 0
  },
  "SceneView.Viewport0.Settings": {
    "Value": "{\u0022CameraPosition\u0022:\u0022-113.41,251.8274,58.34113\u0022,\u0022CameraRotation\u0022:\u0022-0.02736182,-0.03575305,-0.6071318,0.7933246\u0022,\u0022View\u0022:0,\u0022RenderMode\u0022:0,\u0022WireframeMode\u0022:false,\u0022EnablePostProcessing\u0022:true,\u0022ShowGrid\u0022:true,\u0022GridOpacity\u0022:0.2,\u0022GridAxis\u0022:0,\u0022CameraOrthoHeight\u0022:1000}",
    "Timeout": 1732413287,
    "DeleteAt": 0
  },
  "tannersworkshop.scene.Viewport0": {
    "Value": "{\u0022CameraPosition\u0022:\u0022-155.9183,204.8213,27.41525\u0022,\u0022CameraRotation\u0022:\u00220.02435446,0.03970131,-0.5223285,0.8514714\u0022,\u0022CameraOrthoHeight\u0022:1000}",
    "Timeout": 1732413287,
    "DeleteAt": 0
  },
  ".Viewport0": {
    "Value": "{\u0022CameraPosition\u0022:\u0022-113.41,251.8274,58.34113\u0022,\u0022CameraRotation\u0022:\u0022-0.02736182,-0.03575305,-0.6071318,0.7933246\u0022,\u0022CameraOrthoHeight\u0022:1000}",
    "Timeout": 1732413287,
    "DeleteAt": 0
  },
  "SceneView.Layout": {
    "Value": "{\u0022Layout\u0022:0,\u0022SplitterState\u0022:[]}",
    "Timeout": 1732407996,
    "DeleteAt": 0
  },
  "AssetBrowser.History.Model..ViewMode": {
    "Value": "1",
    "Timeout": 1732408001,
    "DeleteAt": 0
  },
  "AssetBrowser.History.Model..ShowJunkFiles": {
    "Value": "false",
    "Timeout": 1732408001,
    "DeleteAt": 0
  },
  "AssetBrowser.History.Model..ShowRecursiveFiles": {
    "Value": "false",
    "Timeout": 1732408001,
    "DeleteAt": 0
  }
}